Month,District,Material,Tons Collected
January,Ariyalur,Metal,368
January,Ariyalur,Fibre,108
January,Ariyalur,Plastic,272
January,Ariyalur,Rubber,435
February,Ariyalur,Metal,147
February,Ariyalur,Fibre,342
February,Ariyalur,Plastic,302
February,Ariyalur,Rubber,467
March,Ariyalur,Metal,347
March,Ariyalur,Fibre,214
March,Ariyalur,Plastic,158
March,Ariyalur,Rubber,239
April,Ariyalur,Metal,468
April,Ariyalur,Fibre,399
April,Ariyalur,Plastic,144
April,Ariyalur,Rubber,205
May,Ariyalur,Metal,110
May,Ariyalur,Fibre,260
May,Ariyalur,Plastic,186
May,Ariyalur,Rubber,482
June,Ariyalur,Metal,432
June,Ariyalur,Fibre,380
June,Ariyalur,Plastic,470
June,Ariyalur,Rubber,348
July,Ariyalur,Metal,190
July,Ariyalur,Fibre,439
July,Ariyalur,Plastic,155
July,Ariyalur,Rubber,365
August,Ariyalur,Metal,329
August,Ariyalur,Fibre,269
August,Ariyalur,Plastic,438
August,Ariyalur,Rubber,301
September,Ariyalur,Metal,162
September,Ariyalur,Fibre,362
September,Ariyalur,Plastic,388
September,Ariyalur,Rubber,379
October,Ariyalur,Metal,216
October,Ariyalur,Fibre,241
October,Ariyalur,Plastic,245
October,Ariyalur,Rubber,248
November,Ariyalur,Metal,174
November,Ariyalur,Fibre,125
November,Ariyalur,Plastic,327
November,Ariyalur,Rubber,424
December,Ariyalur,Metal,100
December,Ariyalur,Fibre,356
December,Ariyalur,Plastic,245
December,Ariyalur,Rubber,229
January,Chengalpattu,Metal,499
January,Chengalpattu,Fibre,146
January,Chengalpattu,Plastic,222
January,Chengalpattu,Rubber,431
February,Chengalpattu,Metal,128
February,Chengalpattu,Fibre,145
February,Chengalpattu,Plastic,107
February,Chengalpattu,Rubber,469
March,Chengalpattu,Metal,397
March,Chengalpattu,Fibre,470
March,Chengalpattu,Plastic,375
March,Chengalpattu,Rubber,124
April,Chengalpattu,Metal,103
April,Chengalpattu,Fibre,478
April,Chengalpattu,Plastic,453
April,Chengalpattu,Rubber,474
May,Chengalpattu,Metal,112
May,Chengalpattu,Fibre,406
May,Chengalpattu,Plastic,214
May,Chengalpattu,Rubber,295
June,Chengalpattu,Metal,208
June,Chengalpattu,Fibre,427
June,Chengalpattu,Plastic,209
June,Chengalpattu,Rubber,492
July,Chengalpattu,Metal,254
July,Chengalpattu,Fibre,225
July,Chengalpattu,Plastic,179
July,Chengalpattu,Rubber,110
August,Chengalpattu,Metal,498
August,Chengalpattu,Fibre,123
August,Chengalpattu,Plastic,397
August,Chengalpattu,Rubber,208
September,Chengalpattu,Metal,493
September,Chengalpattu,Fibre,408
September,Chengalpattu,Plastic,127
September,Chengalpattu,Rubber,221
October,Chengalpattu,Metal,250
October,Chengalpattu,Fibre,145
October,Chengalpattu,Plastic,244
October,Chengalpattu,Rubber,459
November,Chengalpattu,Metal,355
November,Chengalpattu,Fibre,375
November,Chengalpattu,Plastic,428
November,Chengalpattu,Rubber,343
December,Chengalpattu,Metal,472
December,Chengalpattu,Fibre,159
December,Chengalpattu,Plastic,462
December,Chengalpattu,Rubber,167
January,Chennai,Metal,237
January,Chennai,Fibre,297
January,Chennai,Plastic,224
January,Chennai,Rubber,275
February,Chennai,Metal,299
February,Chennai,Fibre,499
February,Chennai,Plastic,289
February,Chennai,Rubber,382
March,Chennai,Metal,402
March,Chennai,Fibre,261
March,Chennai,Plastic,229
March,Chennai,Rubber,364
April,Chennai,Metal,292
April,Chennai,Fibre,374
April,Chennai,Plastic,361
April,Chennai,Rubber,103
May,Chennai,Metal,134
May,Chennai,Fibre,227
May,Chennai,Plastic,261
May,Chennai,Rubber,292
June,Chennai,Metal,489
June,Chennai,Fibre,261
June,Chennai,Plastic,220
June,Chennai,Rubber,385
July,Chennai,Metal,168
July,Chennai,Fibre,131
July,Chennai,Plastic,335
July,Chennai,Rubber,347
August,Chennai,Metal,466
August,Chennai,Fibre,320
August,Chennai,Plastic,372
August,Chennai,Rubber,103
September,Chennai,Metal,173
September,Chennai,Fibre,460
September,Chennai,Plastic,105
September,Chennai,Rubber,313
October,Chennai,Metal,413
October,Chennai,Fibre,386
October,Chennai,Plastic,269
October,Chennai,Rubber,439
November,Chennai,Metal,451
November,Chennai,Fibre,375
November,Chennai,Plastic,350
November,Chennai,Rubber,295
December,Chennai,Metal,487
December,Chennai,Fibre,385
December,Chennai,Plastic,363
December,Chennai,Rubber,217
January,Coimbatore,Metal,336
January,Coimbatore,Fibre,141
January,Coimbatore,Plastic,110
January,Coimbatore,Rubber,259
February,Coimbatore,Metal,164
February,Coimbatore,Fibre,422
February,Coimbatore,Plastic,130
February,Coimbatore,Rubber,114
March,Coimbatore,Metal,330
March,Coimbatore,Fibre,206
March,Coimbatore,Plastic,183
March,Coimbatore,Rubber,155
April,Coimbatore,Metal,131
April,Coimbatore,Fibre,147
April,Coimbatore,Plastic,435
April,Coimbatore,Rubber,430
May,Coimbatore,Metal,274
May,Coimbatore,Fibre,318
May,Coimbatore,Plastic,211
May,Coimbatore,Rubber,209
June,Coimbatore,Metal,253
June,Coimbatore,Fibre,295
June,Coimbatore,Plastic,144
June,Coimbatore,Rubber,292
July,Coimbatore,Metal,262
July,Coimbatore,Fibre,239
July,Coimbatore,Plastic,270
July,Coimbatore,Rubber,487
August,Coimbatore,Metal,288
August,Coimbatore,Fibre,124
August,Coimbatore,Plastic,392
August,Coimbatore,Rubber,428
September,Coimbatore,Metal,455
September,Coimbatore,Fibre,325
September,Coimbatore,Plastic,493
September,Coimbatore,Rubber,162
October,Coimbatore,Metal,404
October,Coimbatore,Fibre,351
October,Coimbatore,Plastic,292
October,Coimbatore,Rubber,289
November,Coimbatore,Metal,420
November,Coimbatore,Fibre,138
November,Coimbatore,Plastic,219
November,Coimbatore,Rubber,120
December,Coimbatore,Metal,179
December,Coimbatore,Fibre,119
December,Coimbatore,Plastic,468
December,Coimbatore,Rubber,267
January,Cuddalore,Metal,130
January,Cuddalore,Fibre,124
January,Cuddalore,Plastic,407
January,Cuddalore,Rubber,239
February,Cuddalore,Metal,460
February,Cuddalore,Fibre,375
February,Cuddalore,Plastic,173
February,Cuddalore,Rubber,472
March,Cuddalore,Metal,141
March,Cuddalore,Fibre,212
March,Cuddalore,Plastic,387
March,Cuddalore,Rubber,358
April,Cuddalore,Metal,132
April,Cuddalore,Fibre,213
April,Cuddalore,Plastic,408
April,Cuddalore,Rubber,275
May,Cuddalore,Metal,366
May,Cuddalore,Fibre,296
May,Cuddalore,Plastic,173
May,Cuddalore,Rubber,123
June,Cuddalore,Metal,375
June,Cuddalore,Fibre,455
June,Cuddalore,Plastic,155
June,Cuddalore,Rubber,364
July,Cuddalore,Metal,201
July,Cuddalore,Fibre,246
July,Cuddalore,Plastic,217
July,Cuddalore,Rubber,330
August,Cuddalore,Metal,441
August,Cuddalore,Fibre,412
August,Cuddalore,Plastic,437
August,Cuddalore,Rubber,396
September,Cuddalore,Metal,330
September,Cuddalore,Fibre,380
September,Cuddalore,Plastic,352
September,Cuddalore,Rubber,184
October,Cuddalore,Metal,321
October,Cuddalore,Fibre,312
October,Cuddalore,Plastic,344
October,Cuddalore,Rubber,480
November,Cuddalore,Metal,339
November,Cuddalore,Fibre,305
November,Cuddalore,Plastic,257
November,Cuddalore,Rubber,130
December,Cuddalore,Metal,426
December,Cuddalore,Fibre,147
December,Cuddalore,Plastic,182
December,Cuddalore,Rubber,416
January,Dharmapuri,Metal,500
January,Dharmapuri,Fibre,391
January,Dharmapuri,Plastic,135
January,Dharmapuri,Rubber,447
February,Dharmapuri,Metal,480
February,Dharmapuri,Fibre,234
February,Dharmapuri,Plastic,352
February,Dharmapuri,Rubber,371
March,Dharmapuri,Metal,103
March,Dharmapuri,Fibre,485
March,Dharmapuri,Plastic,291
March,Dharmapuri,Rubber,309
April,Dharmapuri,Metal,332
April,Dharmapuri,Fibre,448
April,Dharmapuri,Plastic,131
April,Dharmapuri,Rubber,438
May,Dharmapuri,Metal,467
May,Dharmapuri,Fibre,189
May,Dharmapuri,Plastic,443
May,Dharmapuri,Rubber,101
June,Dharmapuri,Metal,185
June,Dharmapuri,Fibre,128
June,Dharmapuri,Plastic,285
June,Dharmapuri,Rubber,290
July,Dharmapuri,Metal,381
July,Dharmapuri,Fibre,271
July,Dharmapuri,Plastic,338
July,Dharmapuri,Rubber,123
August,Dharmapuri,Metal,454
August,Dharmapuri,Fibre,218
August,Dharmapuri,Plastic,344
August,Dharmapuri,Rubber,134
September,Dharmapuri,Metal,380
September,Dharmapuri,Fibre,143
September,Dharmapuri,Plastic,350
September,Dharmapuri,Rubber,308
October,Dharmapuri,Metal,221
October,Dharmapuri,Fibre,438
October,Dharmapuri,Plastic,408
October,Dharmapuri,Rubber,171
November,Dharmapuri,Metal,482
November,Dharmapuri,Fibre,337
November,Dharmapuri,Plastic,452
November,Dharmapuri,Rubber,109
December,Dharmapuri,Metal,307
December,Dharmapuri,Fibre,452
December,Dharmapuri,Plastic,310
December,Dharmapuri,Rubber,279
January,Dindigul,Metal,312
January,Dindigul,Fibre,342
January,Dindigul,Plastic,113
January,Dindigul,Rubber,381
February,Dindigul,Metal,188
February,Dindigul,Fibre,155
February,Dindigul,Plastic,246
February,Dindigul,Rubber,259
March,Dindigul,Metal,168
March,Dindigul,Fibre,362
March,Dindigul,Plastic,153
March,Dindigul,Rubber,286
April,Dindigul,Metal,405
April,Dindigul,Fibre,394
April,Dindigul,Plastic,139
April,Dindigul,Rubber,318
May,Dindigul,Metal,106
May,Dindigul,Fibre,401
May,Dindigul,Plastic,353
May,Dindigul,Rubber,421
June,Dindigul,Metal,236
June,Dindigul,Fibre,258
June,Dindigul,Plastic,416
June,Dindigul,Rubber,248
July,Dindigul,Metal,245
July,Dindigul,Fibre,470
July,Dindigul,Plastic,328
July,Dindigul,Rubber,422
August,Dindigul,Metal,493
August,Dindigul,Fibre,186
August,Dindigul,Plastic,298
August,Dindigul,Rubber,344
September,Dindigul,Metal,377
September,Dindigul,Fibre,371
September,Dindigul,Plastic,311
September,Dindigul,Rubber,179
October,Dindigul,Metal,377
October,Dindigul,Fibre,300
October,Dindigul,Plastic,252
October,Dindigul,Rubber,491
November,Dindigul,Metal,296
November,Dindigul,Fibre,412
November,Dindigul,Plastic,454
November,Dindigul,Rubber,463
December,Dindigul,Metal,448
December,Dindigul,Fibre,275
December,Dindigul,Plastic,136
December,Dindigul,Rubber,391
January,Erode,Metal,155
January,Erode,Fibre,133
January,Erode,Plastic,404
January,Erode,Rubber,261
February,Erode,Metal,302
February,Erode,Fibre,184
February,Erode,Plastic,268
February,Erode,Rubber,414
March,Erode,Metal,127
March,Erode,Fibre,282
March,Erode,Plastic,167
March,Erode,Rubber,357
April,Erode,Metal,194
April,Erode,Fibre,190
April,Erode,Plastic,352
April,Erode,Rubber,277
May,Erode,Metal,445
May,Erode,Fibre,453
May,Erode,Plastic,333
May,Erode,Rubber,151
June,Erode,Metal,386
June,Erode,Fibre,491
June,Erode,Plastic,246
June,Erode,Rubber,381
July,Erode,Metal,209
July,Erode,Fibre,251
July,Erode,Plastic,437
July,Erode,Rubber,387
August,Erode,Metal,481
August,Erode,Fibre,233
August,Erode,Plastic,160
August,Erode,Rubber,341
September,Erode,Metal,117
September,Erode,Fibre,171
September,Erode,Plastic,381
September,Erode,Rubber,270
October,Erode,Metal,363
October,Erode,Fibre,364
October,Erode,Plastic,381
October,Erode,Rubber,161
November,Erode,Metal,383
November,Erode,Fibre,375
November,Erode,Plastic,384
November,Erode,Rubber,173
December,Erode,Metal,308
December,Erode,Fibre,375
December,Erode,Plastic,232
December,Erode,Rubber,466
January,Kallakurichi,Metal,238
January,Kallakurichi,Fibre,478
January,Kallakurichi,Plastic,148
January,Kallakurichi,Rubber,182
February,Kallakurichi,Metal,167
February,Kallakurichi,Fibre,119
February,Kallakurichi,Plastic,275
February,Kallakurichi,Rubber,168
March,Kallakurichi,Metal,346
March,Kallakurichi,Fibre,465
March,Kallakurichi,Plastic,312
March,Kallakurichi,Rubber,249
April,Kallakurichi,Metal,187
April,Kallakurichi,Fibre,356
April,Kallakurichi,Plastic,159
April,Kallakurichi,Rubber,463
May,Kallakurichi,Metal,284
May,Kallakurichi,Fibre,376
May,Kallakurichi,Plastic,345
May,Kallakurichi,Rubber,416
June,Kallakurichi,Metal,171
June,Kallakurichi,Fibre,444
June,Kallakurichi,Plastic,493
June,Kallakurichi,Rubber,477
July,Kallakurichi,Metal,211
July,Kallakurichi,Fibre,392
July,Kallakurichi,Plastic,364
July,Kallakurichi,Rubber,210
August,Kallakurichi,Metal,201
August,Kallakurichi,Fibre,365
August,Kallakurichi,Plastic,302
August,Kallakurichi,Rubber,342
September,Kallakurichi,Metal,348
September,Kallakurichi,Fibre,186
September,Kallakurichi,Plastic,388
September,Kallakurichi,Rubber,300
October,Kallakurichi,Metal,380
October,Kallakurichi,Fibre,107
October,Kallakurichi,Plastic,199
October,Kallakurichi,Rubber,409
November,Kallakurichi,Metal,216
November,Kallakurichi,Fibre,463
November,Kallakurichi,Plastic,113
November,Kallakurichi,Rubber,193
December,Kallakurichi,Metal,275
December,Kallakurichi,Fibre,376
December,Kallakurichi,Plastic,196
December,Kallakurichi,Rubber,146
January,Kancheepuram,Metal,445
January,Kancheepuram,Fibre,305
January,Kancheepuram,Plastic,448
January,Kancheepuram,Rubber,430
February,Kancheepuram,Metal,250
February,Kancheepuram,Fibre,308
February,Kancheepuram,Plastic,290
February,Kancheepuram,Rubber,426
March,Kancheepuram,Metal,404
March,Kancheepuram,Fibre,163
March,Kancheepuram,Plastic,319
March,Kancheepuram,Rubber,404
April,Kancheepuram,Metal,480
April,Kancheepuram,Fibre,359
April,Kancheepuram,Plastic,322
April,Kancheepuram,Rubber,360
May,Kancheepuram,Metal,243
May,Kancheepuram,Fibre,321
May,Kancheepuram,Plastic,470
May,Kancheepuram,Rubber,133
June,Kancheepuram,Metal,133
June,Kancheepuram,Fibre,247
June,Kancheepuram,Plastic,102
June,Kancheepuram,Rubber,440
July,Kancheepuram,Metal,242
July,Kancheepuram,Fibre,287
July,Kancheepuram,Plastic,173
July,Kancheepuram,Rubber,121
August,Kancheepuram,Metal,116
August,Kancheepuram,Fibre,355
August,Kancheepuram,Plastic,453
August,Kancheepuram,Rubber,454
September,Kancheepuram,Metal,427
September,Kancheepuram,Fibre,199
September,Kancheepuram,Plastic,400
September,Kancheepuram,Rubber,211
October,Kancheepuram,Metal,476
October,Kancheepuram,Fibre,382
October,Kancheepuram,Plastic,234
October,Kancheepuram,Rubber,360
November,Kancheepuram,Metal,440
November,Kancheepuram,Fibre,175
November,Kancheepuram,Plastic,190
November,Kancheepuram,Rubber,158
December,Kancheepuram,Metal,439
December,Kancheepuram,Fibre,228
December,Kancheepuram,Plastic,344
December,Kancheepuram,Rubber,434
January,Kanniyakumari,Metal,119
January,Kanniyakumari,Fibre,476
January,Kanniyakumari,Plastic,355
January,Kanniyakumari,Rubber,304
February,Kanniyakumari,Metal,298
February,Kanniyakumari,Fibre,450
February,Kanniyakumari,Plastic,497
February,Kanniyakumari,Rubber,150
March,Kanniyakumari,Metal,218
March,Kanniyakumari,Fibre,336
March,Kanniyakumari,Plastic,221
March,Kanniyakumari,Rubber,410
April,Kanniyakumari,Metal,200
April,Kanniyakumari,Fibre,396
April,Kanniyakumari,Plastic,287
April,Kanniyakumari,Rubber,475
May,Kanniyakumari,Metal,267
May,Kanniyakumari,Fibre,196
May,Kanniyakumari,Plastic,187
May,Kanniyakumari,Rubber,330
June,Kanniyakumari,Metal,216
June,Kanniyakumari,Fibre,129
June,Kanniyakumari,Plastic,240
June,Kanniyakumari,Rubber,400
July,Kanniyakumari,Metal,267
July,Kanniyakumari,Fibre,460
July,Kanniyakumari,Plastic,106
July,Kanniyakumari,Rubber,211
August,Kanniyakumari,Metal,224
August,Kanniyakumari,Fibre,336
August,Kanniyakumari,Plastic,450
August,Kanniyakumari,Rubber,184
September,Kanniyakumari,Metal,123
September,Kanniyakumari,Fibre,189
September,Kanniyakumari,Plastic,453
September,Kanniyakumari,Rubber,191
October,Kanniyakumari,Metal,383
October,Kanniyakumari,Fibre,290
October,Kanniyakumari,Plastic,202
October,Kanniyakumari,Rubber,316
November,Kanniyakumari,Metal,215
November,Kanniyakumari,Fibre,250
November,Kanniyakumari,Plastic,358
November,Kanniyakumari,Rubber,210
December,Kanniyakumari,Metal,382
December,Kanniyakumari,Fibre,149
December,Kanniyakumari,Plastic,477
December,Kanniyakumari,Rubber,443
January,Karur,Metal,168
January,Karur,Fibre,476
January,Karur,Plastic,243
January,Karur,Rubber,296
February,Karur,Metal,306
February,Karur,Fibre,139
February,Karur,Plastic,255
February,Karur,Rubber,113
March,Karur,Metal,226
March,Karur,Fibre,415
March,Karur,Plastic,192
March,Karur,Rubber,246
April,Karur,Metal,302
April,Karur,Fibre,259
April,Karur,Plastic,361
April,Karur,Rubber,444
May,Karur,Metal,301
May,Karur,Fibre,339
May,Karur,Plastic,357
May,Karur,Rubber,328
June,Karur,Metal,234
June,Karur,Fibre,369
June,Karur,Plastic,431
June,Karur,Rubber,365
July,Karur,Metal,294
July,Karur,Fibre,257
July,Karur,Plastic,255
July,Karur,Rubber,418
August,Karur,Metal,295
August,Karur,Fibre,447
August,Karur,Plastic,356
August,Karur,Rubber,152
September,Karur,Metal,487
September,Karur,Fibre,356
September,Karur,Plastic,437
September,Karur,Rubber,180
October,Karur,Metal,117
October,Karur,Fibre,267
October,Karur,Plastic,149
October,Karur,Rubber,156
November,Karur,Metal,306
November,Karur,Fibre,410
November,Karur,Plastic,225
November,Karur,Rubber,211
December,Karur,Metal,148
December,Karur,Fibre,380
December,Karur,Plastic,252
December,Karur,Rubber,232
January,Krishnagiri,Metal,229
January,Krishnagiri,Fibre,463
January,Krishnagiri,Plastic,358
January,Krishnagiri,Rubber,190
February,Krishnagiri,Metal,147
February,Krishnagiri,Fibre,362
February,Krishnagiri,Plastic,137
February,Krishnagiri,Rubber,463
March,Krishnagiri,Metal,207
March,Krishnagiri,Fibre,255
March,Krishnagiri,Plastic,427
March,Krishnagiri,Rubber,214
April,Krishnagiri,Metal,277
April,Krishnagiri,Fibre,357
April,Krishnagiri,Plastic,102
April,Krishnagiri,Rubber,101
May,Krishnagiri,Metal,499
May,Krishnagiri,Fibre,453
May,Krishnagiri,Plastic,241
May,Krishnagiri,Rubber,211
June,Krishnagiri,Metal,460
June,Krishnagiri,Fibre,459
June,Krishnagiri,Plastic,481
June,Krishnagiri,Rubber,319
July,Krishnagiri,Metal,142
July,Krishnagiri,Fibre,245
July,Krishnagiri,Plastic,336
July,Krishnagiri,Rubber,346
August,Krishnagiri,Metal,143
August,Krishnagiri,Fibre,170
August,Krishnagiri,Plastic,482
August,Krishnagiri,Rubber,164
September,Krishnagiri,Metal,285
September,Krishnagiri,Fibre,424
September,Krishnagiri,Plastic,141
September,Krishnagiri,Rubber,163
October,Krishnagiri,Metal,229
October,Krishnagiri,Fibre,407
October,Krishnagiri,Plastic,334
October,Krishnagiri,Rubber,415
November,Krishnagiri,Metal,248
November,Krishnagiri,Fibre,439
November,Krishnagiri,Plastic,386
November,Krishnagiri,Rubber,205
December,Krishnagiri,Metal,351
December,Krishnagiri,Fibre,121
December,Krishnagiri,Plastic,472
December,Krishnagiri,Rubber,435
January,Madurai,Metal,267
January,Madurai,Fibre,140
January,Madurai,Plastic,337
January,Madurai,Rubber,344
February,Madurai,Metal,323
February,Madurai,Fibre,141
February,Madurai,Plastic,343
February,Madurai,Rubber,164
March,Madurai,Metal,262
March,Madurai,Fibre,166
March,Madurai,Plastic,206
March,Madurai,Rubber,490
April,Madurai,Metal,272
April,Madurai,Fibre,278
April,Madurai,Plastic,172
April,Madurai,Rubber,213
May,Madurai,Metal,135
May,Madurai,Fibre,275
May,Madurai,Plastic,421
May,Madurai,Rubber,342
June,Madurai,Metal,328
June,Madurai,Fibre,203
June,Madurai,Plastic,386
June,Madurai,Rubber,139
July,Madurai,Metal,318
July,Madurai,Fibre,389
July,Madurai,Plastic,339
July,Madurai,Rubber,233
August,Madurai,Metal,424
August,Madurai,Fibre,447
August,Madurai,Plastic,186
August,Madurai,Rubber,138
September,Madurai,Metal,218
September,Madurai,Fibre,263
September,Madurai,Plastic,245
September,Madurai,Rubber,484
October,Madurai,Metal,453
October,Madurai,Fibre,265
October,Madurai,Plastic,173
October,Madurai,Rubber,470
November,Madurai,Metal,188
November,Madurai,Fibre,405
November,Madurai,Plastic,458
November,Madurai,Rubber,370
December,Madurai,Metal,309
December,Madurai,Fibre,270
December,Madurai,Plastic,297
December,Madurai,Rubber,164
January,Mayiladuthurai,Metal,448
January,Mayiladuthurai,Fibre,469
January,Mayiladuthurai,Plastic,254
January,Mayiladuthurai,Rubber,389
February,Mayiladuthurai,Metal,377
February,Mayiladuthurai,Fibre,219
February,Mayiladuthurai,Plastic,113
February,Mayiladuthurai,Rubber,354
March,Mayiladuthurai,Metal,274
March,Mayiladuthurai,Fibre,458
March,Mayiladuthurai,Plastic,144
March,Mayiladuthurai,Rubber,462
April,Mayiladuthurai,Metal,382
April,Mayiladuthurai,Fibre,126
April,Mayiladuthurai,Plastic,241
April,Mayiladuthurai,Rubber,274
May,Mayiladuthurai,Metal,264
May,Mayiladuthurai,Fibre,170
May,Mayiladuthurai,Plastic,276
May,Mayiladuthurai,Rubber,484
June,Mayiladuthurai,Metal,289
June,Mayiladuthurai,Fibre,241
June,Mayiladuthurai,Plastic,137
June,Mayiladuthurai,Rubber,281
July,Mayiladuthurai,Metal,216
July,Mayiladuthurai,Fibre,410
July,Mayiladuthurai,Plastic,333
July,Mayiladuthurai,Rubber,326
August,Mayiladuthurai,Metal,489
August,Mayiladuthurai,Fibre,283
August,Mayiladuthurai,Plastic,147
August,Mayiladuthurai,Rubber,254
September,Mayiladuthurai,Metal,368
September,Mayiladuthurai,Fibre,380
September,Mayiladuthurai,Plastic,364
September,Mayiladuthurai,Rubber,197
October,Mayiladuthurai,Metal,400
October,Mayiladuthurai,Fibre,391
October,Mayiladuthurai,Plastic,477
October,Mayiladuthurai,Rubber,454
November,Mayiladuthurai,Metal,128
November,Mayiladuthurai,Fibre,327
November,Mayiladuthurai,Plastic,146
November,Mayiladuthurai,Rubber,112
December,Mayiladuthurai,Metal,178
December,Mayiladuthurai,Fibre,481
December,Mayiladuthurai,Plastic,450
December,Mayiladuthurai,Rubber,194
January,Nagapattinam,Metal,396
January,Nagapattinam,Fibre,466
January,Nagapattinam,Plastic,297
January,Nagapattinam,Rubber,418
February,Nagapattinam,Metal,213
February,Nagapattinam,Fibre,343
February,Nagapattinam,Plastic,296
February,Nagapattinam,Rubber,283
March,Nagapattinam,Metal,365
March,Nagapattinam,Fibre,392
March,Nagapattinam,Plastic,429
March,Nagapattinam,Rubber,389
April,Nagapattinam,Metal,498
April,Nagapattinam,Fibre,254
April,Nagapattinam,Plastic,271
April,Nagapattinam,Rubber,215
May,Nagapattinam,Metal,221
May,Nagapattinam,Fibre,154
May,Nagapattinam,Plastic,456
May,Nagapattinam,Rubber,275
June,Nagapattinam,Metal,239
June,Nagapattinam,Fibre,413
June,Nagapattinam,Plastic,322
June,Nagapattinam,Rubber,225
July,Nagapattinam,Metal,461
July,Nagapattinam,Fibre,171
July,Nagapattinam,Plastic,427
July,Nagapattinam,Rubber,382
August,Nagapattinam,Metal,287
August,Nagapattinam,Fibre,425
August,Nagapattinam,Plastic,199
August,Nagapattinam,Rubber,207
September,Nagapattinam,Metal,467
September,Nagapattinam,Fibre,334
September,Nagapattinam,Plastic,112
September,Nagapattinam,Rubber,213
October,Nagapattinam,Metal,229
October,Nagapattinam,Fibre,191
October,Nagapattinam,Plastic,378
October,Nagapattinam,Rubber,189
November,Nagapattinam,Metal,219
November,Nagapattinam,Fibre,121
November,Nagapattinam,Plastic,193
November,Nagapattinam,Rubber,270
December,Nagapattinam,Metal,181
December,Nagapattinam,Fibre,465
December,Nagapattinam,Plastic,103
December,Nagapattinam,Rubber,146
January,Namakkal,Metal,498
January,Namakkal,Fibre,480
January,Namakkal,Plastic,208
January,Namakkal,Rubber,278
February,Namakkal,Metal,250
February,Namakkal,Fibre,153
February,Namakkal,Plastic,477
February,Namakkal,Rubber,391
March,Namakkal,Metal,253
March,Namakkal,Fibre,121
March,Namakkal,Plastic,310
March,Namakkal,Rubber,453
April,Namakkal,Metal,293
April,Namakkal,Fibre,205
April,Namakkal,Plastic,244
April,Namakkal,Rubber,151
May,Namakkal,Metal,304
May,Namakkal,Fibre,294
May,Namakkal,Plastic,303
May,Namakkal,Rubber,189
June,Namakkal,Metal,153
June,Namakkal,Fibre,491
June,Namakkal,Plastic,297
June,Namakkal,Rubber,326
July,Namakkal,Metal,291
July,Namakkal,Fibre,367
July,Namakkal,Plastic,315
July,Namakkal,Rubber,438
August,Namakkal,Metal,121
August,Namakkal,Fibre,166
August,Namakkal,Plastic,315
August,Namakkal,Rubber,143
September,Namakkal,Metal,483
September,Namakkal,Fibre,230
September,Namakkal,Plastic,182
September,Namakkal,Rubber,499
October,Namakkal,Metal,351
October,Namakkal,Fibre,113
October,Namakkal,Plastic,218
October,Namakkal,Rubber,422
November,Namakkal,Metal,479
November,Namakkal,Fibre,240
November,Namakkal,Plastic,205
November,Namakkal,Rubber,253
December,Namakkal,Metal,311
December,Namakkal,Fibre,259
December,Namakkal,Plastic,264
December,Namakkal,Rubber,474
January,Perambalur,Metal,430
January,Perambalur,Fibre,173
January,Perambalur,Plastic,234
January,Perambalur,Rubber,216
February,Perambalur,Metal,200
February,Perambalur,Fibre,343
February,Perambalur,Plastic,488
February,Perambalur,Rubber,473
March,Perambalur,Metal,101
March,Perambalur,Fibre,145
March,Perambalur,Plastic,149
March,Perambalur,Rubber,168
April,Perambalur,Metal,335
April,Perambalur,Fibre,147
April,Perambalur,Plastic,420
April,Perambalur,Rubber,371
May,Perambalur,Metal,100
May,Perambalur,Fibre,306
May,Perambalur,Plastic,106
May,Perambalur,Rubber,342
June,Perambalur,Metal,158
June,Perambalur,Fibre,167
June,Perambalur,Plastic,157
June,Perambalur,Rubber,404
July,Perambalur,Metal,301
July,Perambalur,Fibre,300
July,Perambalur,Plastic,218
July,Perambalur,Rubber,286
August,Perambalur,Metal,392
August,Perambalur,Fibre,389
August,Perambalur,Plastic,151
August,Perambalur,Rubber,310
September,Perambalur,Metal,272
September,Perambalur,Fibre,138
September,Perambalur,Plastic,431
September,Perambalur,Rubber,392
October,Perambalur,Metal,235
October,Perambalur,Fibre,489
October,Perambalur,Plastic,489
October,Perambalur,Rubber,448
November,Perambalur,Metal,313
November,Perambalur,Fibre,365
November,Perambalur,Plastic,285
November,Perambalur,Rubber,376
December,Perambalur,Metal,358
December,Perambalur,Fibre,236
December,Perambalur,Plastic,364
December,Perambalur,Rubber,143
January,Pudukkottai,Metal,446
January,Pudukkottai,Fibre,484
January,Pudukkottai,Plastic,184
January,Pudukkottai,Rubber,163
February,Pudukkottai,Metal,263
February,Pudukkottai,Fibre,148
February,Pudukkottai,Plastic,249
February,Pudukkottai,Rubber,101
March,Pudukkottai,Metal,394
March,Pudukkottai,Fibre,359
March,Pudukkottai,Plastic,385
March,Pudukkottai,Rubber,339
April,Pudukkottai,Metal,445
April,Pudukkottai,Fibre,493
April,Pudukkottai,Plastic,452
April,Pudukkottai,Rubber,255
May,Pudukkottai,Metal,370
May,Pudukkottai,Fibre,468
May,Pudukkottai,Plastic,290
May,Pudukkottai,Rubber,482
June,Pudukkottai,Metal,315
June,Pudukkottai,Fibre,166
June,Pudukkottai,Plastic,406
June,Pudukkottai,Rubber,137
July,Pudukkottai,Metal,474
July,Pudukkottai,Fibre,178
July,Pudukkottai,Plastic,431
July,Pudukkottai,Rubber,105
August,Pudukkottai,Metal,316
August,Pudukkottai,Fibre,315
August,Pudukkottai,Plastic,119
August,Pudukkottai,Rubber,279
September,Pudukkottai,Metal,285
September,Pudukkottai,Fibre,168
September,Pudukkottai,Plastic,122
September,Pudukkottai,Rubber,380
October,Pudukkottai,Metal,462
October,Pudukkottai,Fibre,325
October,Pudukkottai,Plastic,424
October,Pudukkottai,Rubber,378
November,Pudukkottai,Metal,337
November,Pudukkottai,Fibre,112
November,Pudukkottai,Plastic,269
November,Pudukkottai,Rubber,182
December,Pudukkottai,Metal,406
December,Pudukkottai,Fibre,162
December,Pudukkottai,Plastic,195
December,Pudukkottai,Rubber,469
January,Ramanathapuram,Metal,146
January,Ramanathapuram,Fibre,447
January,Ramanathapuram,Plastic,448
January,Ramanathapuram,Rubber,273
February,Ramanathapuram,Metal,491
February,Ramanathapuram,Fibre,230
February,Ramanathapuram,Plastic,439
February,Ramanathapuram,Rubber,449
March,Ramanathapuram,Metal,365
March,Ramanathapuram,Fibre,266
March,Ramanathapuram,Plastic,426
March,Ramanathapuram,Rubber,458
April,Ramanathapuram,Metal,231
April,Ramanathapuram,Fibre,215
April,Ramanathapuram,Plastic,201
April,Ramanathapuram,Rubber,351
May,Ramanathapuram,Metal,180
May,Ramanathapuram,Fibre,156
May,Ramanathapuram,Plastic,207
May,Ramanathapuram,Rubber,472
June,Ramanathapuram,Metal,156
June,Ramanathapuram,Fibre,205
June,Ramanathapuram,Plastic,165
June,Ramanathapuram,Rubber,488
July,Ramanathapuram,Metal,277
July,Ramanathapuram,Fibre,419
July,Ramanathapuram,Plastic,495
July,Ramanathapuram,Rubber,321
August,Ramanathapuram,Metal,129
August,Ramanathapuram,Fibre,357
August,Ramanathapuram,Plastic,362
August,Ramanathapuram,Rubber,450
September,Ramanathapuram,Metal,498
September,Ramanathapuram,Fibre,273
September,Ramanathapuram,Plastic,113
September,Ramanathapuram,Rubber,255
October,Ramanathapuram,Metal,248
October,Ramanathapuram,Fibre,140
October,Ramanathapuram,Plastic,296
October,Ramanathapuram,Rubber,122
November,Ramanathapuram,Metal,476
November,Ramanathapuram,Fibre,155
November,Ramanathapuram,Plastic,472
November,Ramanathapuram,Rubber,483
December,Ramanathapuram,Metal,291
December,Ramanathapuram,Fibre,442
December,Ramanathapuram,Plastic,348
December,Ramanathapuram,Rubber,138
January,Ranipet,Metal,325
January,Ranipet,Fibre,224
January,Ranipet,Plastic,487
January,Ranipet,Rubber,113
February,Ranipet,Metal,224
February,Ranipet,Fibre,140
February,Ranipet,Plastic,225
February,Ranipet,Rubber,258
March,Ranipet,Metal,194
March,Ranipet,Fibre,382
March,Ranipet,Plastic,395
March,Ranipet,Rubber,410
April,Ranipet,Metal,108
April,Ranipet,Fibre,134
April,Ranipet,Plastic,440
April,Ranipet,Rubber,413
May,Ranipet,Metal,260
May,Ranipet,Fibre,344
May,Ranipet,Plastic,308
May,Ranipet,Rubber,321
June,Ranipet,Metal,459
June,Ranipet,Fibre,442
June,Ranipet,Plastic,405
June,Ranipet,Rubber,107
July,Ranipet,Metal,177
July,Ranipet,Fibre,189
July,Ranipet,Plastic,358
July,Ranipet,Rubber,120
August,Ranipet,Metal,441
August,Ranipet,Fibre,406
August,Ranipet,Plastic,240
August,Ranipet,Rubber,191
September,Ranipet,Metal,129
September,Ranipet,Fibre,267
September,Ranipet,Plastic,433
September,Ranipet,Rubber,304
October,Ranipet,Metal,490
October,Ranipet,Fibre,149
October,Ranipet,Plastic,491
October,Ranipet,Rubber,122
November,Ranipet,Metal,202
November,Ranipet,Fibre,108
November,Ranipet,Plastic,348
November,Ranipet,Rubber,410
December,Ranipet,Metal,334
December,Ranipet,Fibre,233
December,Ranipet,Plastic,322
December,Ranipet,Rubber,273
January,Salem,Metal,469
January,Salem,Fibre,161
January,Salem,Plastic,388
January,Salem,Rubber,359
February,Salem,Metal,343
February,Salem,Fibre,109
February,Salem,Plastic,341
February,Salem,Rubber,313
March,Salem,Metal,265
March,Salem,Fibre,452
March,Salem,Plastic,243
March,Salem,Rubber,489
April,Salem,Metal,102
April,Salem,Fibre,426
April,Salem,Plastic,490
April,Salem,Rubber,228
May,Salem,Metal,363
May,Salem,Fibre,209
May,Salem,Plastic,479
May,Salem,Rubber,332
June,Salem,Metal,347
June,Salem,Fibre,197
June,Salem,Plastic,339
June,Salem,Rubber,500
July,Salem,Metal,365
July,Salem,Fibre,119
July,Salem,Plastic,228
July,Salem,Rubber,258
August,Salem,Metal,374
August,Salem,Fibre,360
August,Salem,Plastic,389
August,Salem,Rubber,332
September,Salem,Metal,450
September,Salem,Fibre,154
September,Salem,Plastic,293
September,Salem,Rubber,203
October,Salem,Metal,252
October,Salem,Fibre,210
October,Salem,Plastic,334
October,Salem,Rubber,292
November,Salem,Metal,270
November,Salem,Fibre,435
November,Salem,Plastic,181
November,Salem,Rubber,486
December,Salem,Metal,318
December,Salem,Fibre,237
December,Salem,Plastic,462
December,Salem,Rubber,103
January,Sivagangai,Metal,100
January,Sivagangai,Fibre,335
January,Sivagangai,Plastic,345
January,Sivagangai,Rubber,144
February,Sivagangai,Metal,298
February,Sivagangai,Fibre,255
February,Sivagangai,Plastic,489
February,Sivagangai,Rubber,400
March,Sivagangai,Metal,164
March,Sivagangai,Fibre,165
March,Sivagangai,Plastic,365
March,Sivagangai,Rubber,241
April,Sivagangai,Metal,146
April,Sivagangai,Fibre,467
April,Sivagangai,Plastic,369
April,Sivagangai,Rubber,488
May,Sivagangai,Metal,158
May,Sivagangai,Fibre,215
May,Sivagangai,Plastic,330
May,Sivagangai,Rubber,383
June,Sivagangai,Metal,474
June,Sivagangai,Fibre,158
June,Sivagangai,Plastic,122
June,Sivagangai,Rubber,494
July,Sivagangai,Metal,168
July,Sivagangai,Fibre,289
July,Sivagangai,Plastic,149
July,Sivagangai,Rubber,111
August,Sivagangai,Metal,374
August,Sivagangai,Fibre,194
August,Sivagangai,Plastic,209
August,Sivagangai,Rubber,172
September,Sivagangai,Metal,259
September,Sivagangai,Fibre,393
September,Sivagangai,Plastic,250
September,Sivagangai,Rubber,283
October,Sivagangai,Metal,462
October,Sivagangai,Fibre,124
October,Sivagangai,Plastic,285
October,Sivagangai,Rubber,110
November,Sivagangai,Metal,423
November,Sivagangai,Fibre,351
November,Sivagangai,Plastic,166
November,Sivagangai,Rubber,404
December,Sivagangai,Metal,399
December,Sivagangai,Fibre,426
December,Sivagangai,Plastic,353
December,Sivagangai,Rubber,264
January,Tenkasi,Metal,129
January,Tenkasi,Fibre,495
January,Tenkasi,Plastic,386
January,Tenkasi,Rubber,195
February,Tenkasi,Metal,325
February,Tenkasi,Fibre,206
February,Tenkasi,Plastic,122
February,Tenkasi,Rubber,442
March,Tenkasi,Metal,308
March,Tenkasi,Fibre,390
March,Tenkasi,Plastic,137
March,Tenkasi,Rubber,276
April,Tenkasi,Metal,453
April,Tenkasi,Fibre,228
April,Tenkasi,Plastic,364
April,Tenkasi,Rubber,217
May,Tenkasi,Metal,473
May,Tenkasi,Fibre,271
May,Tenkasi,Plastic,348
May,Tenkasi,Rubber,367
June,Tenkasi,Metal,219
June,Tenkasi,Fibre,336
June,Tenkasi,Plastic,410
June,Tenkasi,Rubber,216
July,Tenkasi,Metal,194
July,Tenkasi,Fibre,304
July,Tenkasi,Plastic,123
July,Tenkasi,Rubber,164
August,Tenkasi,Metal,338
August,Tenkasi,Fibre,143
August,Tenkasi,Plastic,243
August,Tenkasi,Rubber,226
September,Tenkasi,Metal,327
September,Tenkasi,Fibre,249
September,Tenkasi,Plastic,365
September,Tenkasi,Rubber,126
October,Tenkasi,Metal,427
October,Tenkasi,Fibre,180
October,Tenkasi,Plastic,453
October,Tenkasi,Rubber,315
November,Tenkasi,Metal,311
November,Tenkasi,Fibre,377
November,Tenkasi,Plastic,123
November,Tenkasi,Rubber,291
December,Tenkasi,Metal,180
December,Tenkasi,Fibre,132
December,Tenkasi,Plastic,104
December,Tenkasi,Rubber,336
January,Thanjavur,Metal,383
January,Thanjavur,Fibre,118
January,Thanjavur,Plastic,495
January,Thanjavur,Rubber,278
February,Thanjavur,Metal,431
February,Thanjavur,Fibre,352
February,Thanjavur,Plastic,199
February,Thanjavur,Rubber,124
March,Thanjavur,Metal,328
March,Thanjavur,Fibre,348
March,Thanjavur,Plastic,189
March,Thanjavur,Rubber,140
April,Thanjavur,Metal,190
April,Thanjavur,Fibre,336
April,Thanjavur,Plastic,438
April,Thanjavur,Rubber,426
May,Thanjavur,Metal,188
May,Thanjavur,Fibre,486
May,Thanjavur,Plastic,219
May,Thanjavur,Rubber,489
June,Thanjavur,Metal,219
June,Thanjavur,Fibre,400
June,Thanjavur,Plastic,482
June,Thanjavur,Rubber,437
July,Thanjavur,Metal,117
July,Thanjavur,Fibre,177
July,Thanjavur,Plastic,467
July,Thanjavur,Rubber,377
August,Thanjavur,Metal,262
August,Thanjavur,Fibre,155
August,Thanjavur,Plastic,351
August,Thanjavur,Rubber,103
September,Thanjavur,Metal,430
September,Thanjavur,Fibre,476
September,Thanjavur,Plastic,443
September,Thanjavur,Rubber,498
October,Thanjavur,Metal,360
October,Thanjavur,Fibre,295
October,Thanjavur,Plastic,466
October,Thanjavur,Rubber,126
November,Thanjavur,Metal,450
November,Thanjavur,Fibre,383
November,Thanjavur,Plastic,118
November,Thanjavur,Rubber,161
December,Thanjavur,Metal,250
December,Thanjavur,Fibre,481
December,Thanjavur,Plastic,360
December,Thanjavur,Rubber,373
January,Theni,Metal,469
January,Theni,Fibre,291
January,Theni,Plastic,380
January,Theni,Rubber,291
February,Theni,Metal,407
February,Theni,Fibre,404
February,Theni,Plastic,250
February,Theni,Rubber,235
March,Theni,Metal,176
March,Theni,Fibre,244
March,Theni,Plastic,198
March,Theni,Rubber,396
April,Theni,Metal,379
April,Theni,Fibre,423
April,Theni,Plastic,345
April,Theni,Rubber,498
May,Theni,Metal,270
May,Theni,Fibre,196
May,Theni,Plastic,430
May,Theni,Rubber,347
June,Theni,Metal,301
June,Theni,Fibre,350
June,Theni,Plastic,399
June,Theni,Rubber,357
July,Theni,Metal,465
July,Theni,Fibre,488
July,Theni,Plastic,188
July,Theni,Rubber,210
August,Theni,Metal,136
August,Theni,Fibre,246
August,Theni,Plastic,160
August,Theni,Rubber,311
September,Theni,Metal,241
September,Theni,Fibre,475
September,Theni,Plastic,187
September,Theni,Rubber,202
October,Theni,Metal,352
October,Theni,Fibre,401
October,Theni,Plastic,245
October,Theni,Rubber,409
November,Theni,Metal,404
November,Theni,Fibre,238
November,Theni,Plastic,494
November,Theni,Rubber,380
December,Theni,Metal,257
December,Theni,Fibre,215
December,Theni,Plastic,446
December,Theni,Rubber,255
January,Thoothukudi,Metal,131
January,Thoothukudi,Fibre,415
January,Thoothukudi,Plastic,472
January,Thoothukudi,Rubber,339
February,Thoothukudi,Metal,103
February,Thoothukudi,Fibre,102
February,Thoothukudi,Plastic,308
February,Thoothukudi,Rubber,180
March,Thoothukudi,Metal,157
March,Thoothukudi,Fibre,103
March,Thoothukudi,Plastic,480
March,Thoothukudi,Rubber,126
April,Thoothukudi,Metal,345
April,Thoothukudi,Fibre,489
April,Thoothukudi,Plastic,151
April,Thoothukudi,Rubber,214
May,Thoothukudi,Metal,278
May,Thoothukudi,Fibre,342
May,Thoothukudi,Plastic,260
May,Thoothukudi,Rubber,487
June,Thoothukudi,Metal,390
June,Thoothukudi,Fibre,122
June,Thoothukudi,Plastic,427
June,Thoothukudi,Rubber,204
July,Thoothukudi,Metal,318
July,Thoothukudi,Fibre,205
July,Thoothukudi,Plastic,327
July,Thoothukudi,Rubber,164
August,Thoothukudi,Metal,145
August,Thoothukudi,Fibre,350
August,Thoothukudi,Plastic,280
August,Thoothukudi,Rubber,332
September,Thoothukudi,Metal,200
September,Thoothukudi,Fibre,354
September,Thoothukudi,Plastic,343
September,Thoothukudi,Rubber,195
October,Thoothukudi,Metal,255
October,Thoothukudi,Fibre,253
October,Thoothukudi,Plastic,323
October,Thoothukudi,Rubber,181
November,Thoothukudi,Metal,364
November,Thoothukudi,Fibre,166
November,Thoothukudi,Plastic,195
November,Thoothukudi,Rubber,151
December,Thoothukudi,Metal,200
December,Thoothukudi,Fibre,397
December,Thoothukudi,Plastic,351
December,Thoothukudi,Rubber,357
January,Tiruchirappalli,Metal,150
January,Tiruchirappalli,Fibre,199
January,Tiruchirappalli,Plastic,308
January,Tiruchirappalli,Rubber,455
February,Tiruchirappalli,Metal,271
February,Tiruchirappalli,Fibre,149
February,Tiruchirappalli,Plastic,443
February,Tiruchirappalli,Rubber,193
March,Tiruchirappalli,Metal,307
March,Tiruchirappalli,Fibre,421
March,Tiruchirappalli,Plastic,463
March,Tiruchirappalli,Rubber,464
April,Tiruchirappalli,Metal,199
April,Tiruchirappalli,Fibre,409
April,Tiruchirappalli,Plastic,256
April,Tiruchirappalli,Rubber,324
May,Tiruchirappalli,Metal,230
May,Tiruchirappalli,Fibre,370
May,Tiruchirappalli,Plastic,334
May,Tiruchirappalli,Rubber,415
June,Tiruchirappalli,Metal,174
June,Tiruchirappalli,Fibre,469
June,Tiruchirappalli,Plastic,431
June,Tiruchirappalli,Rubber,382
July,Tiruchirappalli,Metal,145
July,Tiruchirappalli,Fibre,462
July,Tiruchirappalli,Plastic,250
July,Tiruchirappalli,Rubber,166
August,Tiruchirappalli,Metal,412
August,Tiruchirappalli,Fibre,200
August,Tiruchirappalli,Plastic,255
August,Tiruchirappalli,Rubber,457
September,Tiruchirappalli,Metal,299
September,Tiruchirappalli,Fibre,337
September,Tiruchirappalli,Plastic,330
September,Tiruchirappalli,Rubber,302
October,Tiruchirappalli,Metal,201
October,Tiruchirappalli,Fibre,359
October,Tiruchirappalli,Plastic,257
October,Tiruchirappalli,Rubber,424
November,Tiruchirappalli,Metal,283
November,Tiruchirappalli,Fibre,100
November,Tiruchirappalli,Plastic,454
November,Tiruchirappalli,Rubber,211
December,Tiruchirappalli,Metal,282
December,Tiruchirappalli,Fibre,261
December,Tiruchirappalli,Plastic,220
December,Tiruchirappalli,Rubber,324
January,Tirunelveli,Metal,271
January,Tirunelveli,Fibre,407
January,Tirunelveli,Plastic,449
January,Tirunelveli,Rubber,226
February,Tirunelveli,Metal,138
February,Tirunelveli,Fibre,192
February,Tirunelveli,Plastic,226
February,Tirunelveli,Rubber,279
March,Tirunelveli,Metal,101
March,Tirunelveli,Fibre,402
March,Tirunelveli,Plastic,120
March,Tirunelveli,Rubber,410
April,Tirunelveli,Metal,126
April,Tirunelveli,Fibre,367
April,Tirunelveli,Plastic,219
April,Tirunelveli,Rubber,298
May,Tirunelveli,Metal,170
May,Tirunelveli,Fibre,127
May,Tirunelveli,Plastic,314
May,Tirunelveli,Rubber,354
June,Tirunelveli,Metal,337
June,Tirunelveli,Fibre,287
June,Tirunelveli,Plastic,253
June,Tirunelveli,Rubber,216
July,Tirunelveli,Metal,367
July,Tirunelveli,Fibre,455
July,Tirunelveli,Plastic,163
July,Tirunelveli,Rubber,208
August,Tirunelveli,Metal,499
August,Tirunelveli,Fibre,443
August,Tirunelveli,Plastic,324
August,Tirunelveli,Rubber,359
September,Tirunelveli,Metal,304
September,Tirunelveli,Fibre,338
September,Tirunelveli,Plastic,271
September,Tirunelveli,Rubber,415
October,Tirunelveli,Metal,277
October,Tirunelveli,Fibre,146
October,Tirunelveli,Plastic,267
October,Tirunelveli,Rubber,401
November,Tirunelveli,Metal,334
November,Tirunelveli,Fibre,338
November,Tirunelveli,Plastic,195
November,Tirunelveli,Rubber,459
December,Tirunelveli,Metal,116
December,Tirunelveli,Fibre,423
December,Tirunelveli,Plastic,363
December,Tirunelveli,Rubber,227
January,Tirupattur,Metal,333
January,Tirupattur,Fibre,130
January,Tirupattur,Plastic,383
January,Tirupattur,Rubber,250
February,Tirupattur,Metal,190
February,Tirupattur,Fibre,303
February,Tirupattur,Plastic,399
February,Tirupattur,Rubber,499
March,Tirupattur,Metal,172
March,Tirupattur,Fibre,391
March,Tirupattur,Plastic,411
March,Tirupattur,Rubber,341
April,Tirupattur,Metal,376
April,Tirupattur,Fibre,311
April,Tirupattur,Plastic,311
April,Tirupattur,Rubber,254
May,Tirupattur,Metal,267
May,Tirupattur,Fibre,227
May,Tirupattur,Plastic,233
May,Tirupattur,Rubber,191
June,Tirupattur,Metal,394
June,Tirupattur,Fibre,407
June,Tirupattur,Plastic,306
June,Tirupattur,Rubber,297
July,Tirupattur,Metal,281
July,Tirupattur,Fibre,306
July,Tirupattur,Plastic,391
July,Tirupattur,Rubber,221
August,Tirupattur,Metal,115
August,Tirupattur,Fibre,219
August,Tirupattur,Plastic,147
August,Tirupattur,Rubber,120
September,Tirupattur,Metal,494
September,Tirupattur,Fibre,432
September,Tirupattur,Plastic,286
September,Tirupattur,Rubber,202
October,Tirupattur,Metal,444
October,Tirupattur,Fibre,494
October,Tirupattur,Plastic,371
October,Tirupattur,Rubber,367
November,Tirupattur,Metal,410
November,Tirupattur,Fibre,169
November,Tirupattur,Plastic,472
November,Tirupattur,Rubber,497
December,Tirupattur,Metal,213
December,Tirupattur,Fibre,245
December,Tirupattur,Plastic,465
December,Tirupattur,Rubber,175
January,Tiruppur,Metal,164
January,Tiruppur,Fibre,486
January,Tiruppur,Plastic,158
January,Tiruppur,Rubber,200
February,Tiruppur,Metal,325
February,Tiruppur,Fibre,487
February,Tiruppur,Plastic,413
February,Tiruppur,Rubber,470
March,Tiruppur,Metal,475
March,Tiruppur,Fibre,298
March,Tiruppur,Plastic,454
March,Tiruppur,Rubber,465
April,Tiruppur,Metal,432
April,Tiruppur,Fibre,212
April,Tiruppur,Plastic,298
April,Tiruppur,Rubber,491
May,Tiruppur,Metal,385
May,Tiruppur,Fibre,386
May,Tiruppur,Plastic,220
May,Tiruppur,Rubber,355
June,Tiruppur,Metal,335
June,Tiruppur,Fibre,445
June,Tiruppur,Plastic,213
June,Tiruppur,Rubber,487
July,Tiruppur,Metal,417
July,Tiruppur,Fibre,331
July,Tiruppur,Plastic,385
July,Tiruppur,Rubber,311
August,Tiruppur,Metal,151
August,Tiruppur,Fibre,242
August,Tiruppur,Plastic,145
August,Tiruppur,Rubber,285
September,Tiruppur,Metal,452
September,Tiruppur,Fibre,283
September,Tiruppur,Plastic,189
September,Tiruppur,Rubber,468
October,Tiruppur,Metal,400
October,Tiruppur,Fibre,297
October,Tiruppur,Plastic,292
October,Tiruppur,Rubber,186
November,Tiruppur,Metal,195
November,Tiruppur,Fibre,303
November,Tiruppur,Plastic,412
November,Tiruppur,Rubber,163
December,Tiruppur,Metal,438
December,Tiruppur,Fibre,284
December,Tiruppur,Plastic,116
December,Tiruppur,Rubber,448
January,Tiruvallur,Metal,129
January,Tiruvallur,Fibre,359
January,Tiruvallur,Plastic,320
January,Tiruvallur,Rubber,203
February,Tiruvallur,Metal,142
February,Tiruvallur,Fibre,437
February,Tiruvallur,Plastic,459
February,Tiruvallur,Rubber,137
March,Tiruvallur,Metal,121
March,Tiruvallur,Fibre,364
March,Tiruvallur,Plastic,351
March,Tiruvallur,Rubber,172
April,Tiruvallur,Metal,251
April,Tiruvallur,Fibre,139
April,Tiruvallur,Plastic,466
April,Tiruvallur,Rubber,425
May,Tiruvallur,Metal,443
May,Tiruvallur,Fibre,280
May,Tiruvallur,Plastic,352
May,Tiruvallur,Rubber,445
June,Tiruvallur,Metal,298
June,Tiruvallur,Fibre,389
June,Tiruvallur,Plastic,380
June,Tiruvallur,Rubber,335
July,Tiruvallur,Metal,473
July,Tiruvallur,Fibre,473
July,Tiruvallur,Plastic,412
July,Tiruvallur,Rubber,117
August,Tiruvallur,Metal,369
August,Tiruvallur,Fibre,466
August,Tiruvallur,Plastic,301
August,Tiruvallur,Rubber,362
September,Tiruvallur,Metal,238
September,Tiruvallur,Fibre,444
September,Tiruvallur,Plastic,380
September,Tiruvallur,Rubber,162
October,Tiruvallur,Metal,146
October,Tiruvallur,Fibre,323
October,Tiruvallur,Plastic,167
October,Tiruvallur,Rubber,437
November,Tiruvallur,Metal,181
November,Tiruvallur,Fibre,483
November,Tiruvallur,Plastic,478
November,Tiruvallur,Rubber,389
December,Tiruvallur,Metal,203
December,Tiruvallur,Fibre,475
December,Tiruvallur,Plastic,188
December,Tiruvallur,Rubber,304
January,Tiruvannamalai,Metal,287
January,Tiruvannamalai,Fibre,382
January,Tiruvannamalai,Plastic,207
January,Tiruvannamalai,Rubber,234
February,Tiruvannamalai,Metal,383
February,Tiruvannamalai,Fibre,213
February,Tiruvannamalai,Plastic,487
February,Tiruvannamalai,Rubber,209
March,Tiruvannamalai,Metal,344
March,Tiruvannamalai,Fibre,313
March,Tiruvannamalai,Plastic,469
March,Tiruvannamalai,Rubber,414
April,Tiruvannamalai,Metal,193
April,Tiruvannamalai,Fibre,127
April,Tiruvannamalai,Plastic,128
April,Tiruvannamalai,Rubber,309
May,Tiruvannamalai,Metal,171
May,Tiruvannamalai,Fibre,261
May,Tiruvannamalai,Plastic,133
May,Tiruvannamalai,Rubber,234
June,Tiruvannamalai,Metal,453
June,Tiruvannamalai,Fibre,371
June,Tiruvannamalai,Plastic,457
June,Tiruvannamalai,Rubber,218
July,Tiruvannamalai,Metal,141
July,Tiruvannamalai,Fibre,203
July,Tiruvannamalai,Plastic,396
July,Tiruvannamalai,Rubber,343
August,Tiruvannamalai,Metal,117
August,Tiruvannamalai,Fibre,396
August,Tiruvannamalai,Plastic,273
August,Tiruvannamalai,Rubber,392
September,Tiruvannamalai,Metal,364
September,Tiruvannamalai,Fibre,109
September,Tiruvannamalai,Plastic,257
September,Tiruvannamalai,Rubber,120
October,Tiruvannamalai,Metal,141
October,Tiruvannamalai,Fibre,293
October,Tiruvannamalai,Plastic,483
October,Tiruvannamalai,Rubber,116
November,Tiruvannamalai,Metal,273
November,Tiruvannamalai,Fibre,292
November,Tiruvannamalai,Plastic,177
November,Tiruvannamalai,Rubber,238
December,Tiruvannamalai,Metal,198
December,Tiruvannamalai,Fibre,380
December,Tiruvannamalai,Plastic,280
December,Tiruvannamalai,Rubber,151
January,Tiruvarur,Metal,103
January,Tiruvarur,Fibre,141
January,Tiruvarur,Plastic,222
January,Tiruvarur,Rubber,443
February,Tiruvarur,Metal,477
February,Tiruvarur,Fibre,382
February,Tiruvarur,Plastic,500
February,Tiruvarur,Rubber,134
March,Tiruvarur,Metal,229
March,Tiruvarur,Fibre,382
March,Tiruvarur,Plastic,462
March,Tiruvarur,Rubber,321
April,Tiruvarur,Metal,398
April,Tiruvarur,Fibre,203
April,Tiruvarur,Plastic,472
April,Tiruvarur,Rubber,212
May,Tiruvarur,Metal,272
May,Tiruvarur,Fibre,130
May,Tiruvarur,Plastic,214
May,Tiruvarur,Rubber,247
June,Tiruvarur,Metal,454
June,Tiruvarur,Fibre,154
June,Tiruvarur,Plastic,375
June,Tiruvarur,Rubber,254
July,Tiruvarur,Metal,363
July,Tiruvarur,Fibre,271
July,Tiruvarur,Plastic,208
July,Tiruvarur,Rubber,298
August,Tiruvarur,Metal,149
August,Tiruvarur,Fibre,286
August,Tiruvarur,Plastic,486
August,Tiruvarur,Rubber,268
September,Tiruvarur,Metal,217
September,Tiruvarur,Fibre,260
September,Tiruvarur,Plastic,210
September,Tiruvarur,Rubber,219
October,Tiruvarur,Metal,237
October,Tiruvarur,Fibre,289
October,Tiruvarur,Plastic,210
October,Tiruvarur,Rubber,388
November,Tiruvarur,Metal,311
November,Tiruvarur,Fibre,418
November,Tiruvarur,Plastic,348
November,Tiruvarur,Rubber,447
December,Tiruvarur,Metal,153
December,Tiruvarur,Fibre,131
December,Tiruvarur,Plastic,352
December,Tiruvarur,Rubber,341
January,Vellore,Metal,123
January,Vellore,Fibre,147
January,Vellore,Plastic,354
January,Vellore,Rubber,252
February,Vellore,Metal,232
February,Vellore,Fibre,381
February,Vellore,Plastic,447
February,Vellore,Rubber,113
March,Vellore,Metal,137
March,Vellore,Fibre,439
March,Vellore,Plastic,323
March,Vellore,Rubber,411
April,Vellore,Metal,259
April,Vellore,Fibre,404
April,Vellore,Plastic,266
April,Vellore,Rubber,446
May,Vellore,Metal,306
May,Vellore,Fibre,186
May,Vellore,Plastic,210
May,Vellore,Rubber,339
June,Vellore,Metal,163
June,Vellore,Fibre,457
June,Vellore,Plastic,220
June,Vellore,Rubber,420
July,Vellore,Metal,307
July,Vellore,Fibre,490
July,Vellore,Plastic,135
July,Vellore,Rubber,472
August,Vellore,Metal,156
August,Vellore,Fibre,478
August,Vellore,Plastic,447
August,Vellore,Rubber,422
September,Vellore,Metal,189
September,Vellore,Fibre,497
September,Vellore,Plastic,494
September,Vellore,Rubber,453
October,Vellore,Metal,380
October,Vellore,Fibre,380
October,Vellore,Plastic,183
October,Vellore,Rubber,155
November,Vellore,Metal,193
November,Vellore,Fibre,362
November,Vellore,Plastic,292
November,Vellore,Rubber,432
December,Vellore,Metal,251
December,Vellore,Fibre,399
December,Vellore,Plastic,208
December,Vellore,Rubber,201
January,Viluppuram,Metal,116
January,Viluppuram,Fibre,405
January,Viluppuram,Plastic,224
January,Viluppuram,Rubber,225
February,Viluppuram,Metal,384
February,Viluppuram,Fibre,320
February,Viluppuram,Plastic,452
February,Viluppuram,Rubber,271
March,Viluppuram,Metal,230
March,Viluppuram,Fibre,346
March,Viluppuram,Plastic,103
March,Viluppuram,Rubber,254
April,Viluppuram,Metal,444
April,Viluppuram,Fibre,135
April,Viluppuram,Plastic,384
April,Viluppuram,Rubber,297
May,Viluppuram,Metal,149
May,Viluppuram,Fibre,226
May,Viluppuram,Plastic,453
May,Viluppuram,Rubber,222
June,Viluppuram,Metal,369
June,Viluppuram,Fibre,305
June,Viluppuram,Plastic,349
June,Viluppuram,Rubber,325
July,Viluppuram,Metal,168
July,Viluppuram,Fibre,207
July,Viluppuram,Plastic,123
July,Viluppuram,Rubber,312
August,Viluppuram,Metal,500
August,Viluppuram,Fibre,307
August,Viluppuram,Plastic,161
August,Viluppuram,Rubber,214
September,Viluppuram,Metal,466
September,Viluppuram,Fibre,372
September,Viluppuram,Plastic,238
September,Viluppuram,Rubber,162
October,Viluppuram,Metal,199
October,Viluppuram,Fibre,120
October,Viluppuram,Plastic,475
October,Viluppuram,Rubber,257
November,Viluppuram,Metal,327
November,Viluppuram,Fibre,178
November,Viluppuram,Plastic,108
November,Viluppuram,Rubber,240
December,Viluppuram,Metal,168
December,Viluppuram,Fibre,209
December,Viluppuram,Plastic,494
December,Viluppuram,Rubber,496
January,Virudhunagar,Metal,113
January,Virudhunagar,Fibre,500
January,Virudhunagar,Plastic,297
January,Virudhunagar,Rubber,411
February,Virudhunagar,Metal,307
February,Virudhunagar,Fibre,461
February,Virudhunagar,Plastic,426
February,Virudhunagar,Rubber,449
March,Virudhunagar,Metal,374
March,Virudhunagar,Fibre,349
March,Virudhunagar,Plastic,175
March,Virudhunagar,Rubber,399
April,Virudhunagar,Metal,184
April,Virudhunagar,Fibre,245
April,Virudhunagar,Plastic,140
April,Virudhunagar,Rubber,393
May,Virudhunagar,Metal,377
May,Virudhunagar,Fibre,460
May,Virudhunagar,Plastic,447
May,Virudhunagar,Rubber,345
June,Virudhunagar,Metal,292
June,Virudhunagar,Fibre,289
June,Virudhunagar,Plastic,444
June,Virudhunagar,Rubber,413
July,Virudhunagar,Metal,112
July,Virudhunagar,Fibre,231
July,Virudhunagar,Plastic,240
July,Virudhunagar,Rubber,166
August,Virudhunagar,Metal,458
August,Virudhunagar,Fibre,120
August,Virudhunagar,Plastic,142
August,Virudhunagar,Rubber,257
September,Virudhunagar,Metal,339
September,Virudhunagar,Fibre,161
September,Virudhunagar,Plastic,113
September,Virudhunagar,Rubber,314
October,Virudhunagar,Metal,465
October,Virudhunagar,Fibre,419
October,Virudhunagar,Plastic,476
October,Virudhunagar,Rubber,387
November,Virudhunagar,Metal,151
November,Virudhunagar,Fibre,468
November,Virudhunagar,Plastic,163
November,Virudhunagar,Rubber,435
December,Virudhunagar,Metal,157
December,Virudhunagar,Fibre,348
December,Virudhunagar,Plastic,178
December,Virudhunagar,Rubber,286
